"indicateurs","Unit","Date","Value"
"TOGO","","2010","6191155"
"LOME","","2010","839566"
"ARRONDISSEMENT I","","2010","25876"
"QUARTIER ADMINISTRATIF","","2010","1609"
"WETRIVI KONDJI","","2010","1730"
"FREAU JARDIN","","2010","842"
"SANGUERA","","2010","2231"
"KOKETIME","","2010","1669"
"BENIGLATO","","2010","4713"
"AGUIAKOME","","2010","5137"
"ABOBOKOME","","2010","2444"
"ADOBOUKOME","","2010","3854"
"ADAWLATO","","2010","718"
"AGBADAHONOU","","2010","929"
"ARRONDISSEMENT II","","2010","348876"
"TOKOIN TAME","","2010","6534"
"TOKOIN WUITI","","2010","21711"
"TOKOIN N'KAFU","","2010","14229"
"TOKOIN FOREVER","","2010","3771"
"SAINT JOSEPH","","2010","7881"
"N'TIFAFA KOME","","2010","6815"
"HEDZRANAWOE","","2010","55900"
"KELEGOUGAN","","2010","9168"
"RESIDENCE DU BENIN","","2010","1007"
"BE KPOTA","","2010","48557"
"ANFAME","","2010","62698"
"ADAKPAME","","2010","28816"
"KANYIKOPE","","2010","23109"
"ATTIEGOU","","2010","27777"
"LOME II","","2010","4756"
"TOKOIN AEROPORT","","2010","244"
"AKODESSEWA KPOTA","","2010","12067"
"AKODESSEWA KPONOU","","2010","12630"
"UNIVERSITE DE LOME","","2010","1206"
"ARRONDISSEMENT III","","2010","187573"
"DOULASSAME","","2010","11473"
"AMOUTIVE","","2010","11862"
"LOM NAVA","","2010","6004"
"BASSADJI","","2010","2909"
"BE KPEHENOU","","2010","8831"
"KOTOKOU KONDJI","","2010","4837"
"BE AHLIGO","","2010","7274"
"BE HOPITAL","","2010","16468"
"BE HEDJE","","2010","16091"
"AKODESSEWA","","2010","7974"
"WETE","","2010","13513"
"GBENYEDJI","","2010","16342"
"ABLOGAME","","2010","11543"
"ZONE PORTUAIRE","","2010","10128"
"ANTONIO NETIME","","2010","2191"
"SOUZA NETIME","","2010","26434"
"BE APEYEME","","2010","13699"
"ARRONDISSEMENT IV","","2010","60031"
"KODJOVIAKOPE","","2010","21102"
"NYEKONAKPOE","","2010","28485"
"OCTAVIONO NETIME","","2010","6965"
"HANOUKOPE","","2010","3479"
"ARRONDISSEMENT V","","2010","217210"
"TOKOIN SOLIDARITE","","2010","11221"
"TOKOIN OUEST","","2010","11675"
"TOKOIN HOPITAL","","2010","7719"
"DOGBEAVOU","","2010","12589"
"GBADAGO","","2010","13561"
"TOKOIN ELAVAGNON","","2010","9079"
"TOKOIN LYCEE","","2010","3707"
"GBONVIE","","2010","7407"
"DOUMASSESSE","","2010","23793"
"ABOVE","","2010","7021"
"BE KLIKAME","","2010","10429"
"CASABLANCA","","2010","2721"
"AKOSSOMBO","","2010","4394"
"AFLAO GAKLI","","2010","20537"
"AGBALEPEDOGAN","","2010","24377"
"TOTSI","","2010","30455"
"SOVIEPE","","2010","11262"
"AVENOU BATOME","","2010","5263"
"MARITIME","","2010","1760389"
"GOLFE","","2010","731942"
"AFLAO-SAGBADO=SAGBADO","","2010","6837"
"AFLAO-SAGBADO=GBLENKOMEGAN","","2010","11302"
"AFLAO-SAGBADO=YOKOE KOPEGAN","","2010","9351"
"AFLAO-SAGBADO=YOKOE AGBLEGAN","","2010","5262"
"AFLAO-SAGBADO=ABLOGOME","","2010","4130"
"AFLAO-SAGBADO=WONYOME","","2010","3701"
"AFLAO-SAGBADO=LOGOTE","","2010","8708"
"AFLAO-SAGBADO=AWATAME","","2010","19375"
"AFLAO-SAGBADO=AGOTIME","","2010","2539"
"AFLAO-SAGBADO=LANKOUVI","","2010","1929"
"AFLAO-SAGBADO=APEDOKOE GBOMAME","","2010","6072"
"AFLAO-SAGBADO=APEDOKOE AGOKPANOU","","2010","8504"
"AFLAO-SAGBADO=SAGBADO ASSIYEYE","","2010","6259"
"AFLAO-SAGBADO RURAL","","2010","14888"
"AFLAO-GAKLI=ADIDOADIN","","2010","7574"
"AFLAO-GAKLI=AVEDJI TELESSOU","","2010","29704"
"AFLAO-GAKLI=AMADAHOME","","2010","12120"
"AFLAO-GAKLI=WESSOME","","2010","11965"
"AFLAO-GAKLI=TESHI","","2010","4298"
"AFLAO-GAKLI=APEDOKOE","","2010","9518"
"AFLAO-GAKLI=ANYIGBE","","2010","6532"
"SANGUERA URBAIN","","2010","9444"
"SANGUERA RURAL","","2010","28905"
"LEGBASSITO","","2010","29348"
"TOGBLEKOPE","","2010","26830"
"TOGBLEKOPE RURAL","","2010","19480"
"AMOUTIVE=KELEGOUGAN","","2010","23384"
"AMOUTIVE=KLOBATEME","","2010","1229"
"BAGUIDA=BAGUIDA","","2010","25782"
"BAGUIDA=ADAMAVO","","2010","43656"
"BAGUIDA=AGODEKE","","2010","16048"
"BAGUIDA=KPOGAN","","2010","8292"
"BAGUIDA=AVEPOZO","","2010","13316"
"BAGUIDA=DEVEGO","","2010","10256"
"AGOENYIVE = ADJOUGBA","","2010","3762"
"AGOENYIVE = ADOUYIKO","","2010","15246"
"AGOENYIVE = AHONGAKOPE ASSIYEYE","","2010","5375"
"AGOENYIVE = ANOKUI","","2010","1950"
"AGOENYIVE = ANOKUI NOGO","","2010","8477"
"AGOENYIVE = ANOME GBONVE","","2010","9249"
"AGOENYIVE = ANOMEGBLE","","2010","8979"
"AGOENYIVE = APEGNIGBI","","2010","5151"
"AGOENYIVE = ATSANVE","","2010","9176"
"AGOENYIVE = DEMAKPOE","","2010","27112"
"AGOENYIVE = DJIGBLE","","2010","9469"
"AGOENYIVE = BOTO KOPE","","2010","4757"
"AGOENYIVE =KELEGOUGAN DIGBLE","","2010","4440"
"AGOENYIVE = FIOVI","","2010","7312"
"AGOENYIVE = GNAMASSIGAN +ZOGBEGAN","","2010","4837"
"AGOENYIVE = HOUMBI","","2010","6507"
"AGOENYIVE = HOUMBIGBLE","","2010","3988"
"AGOENYIVE = KITIDJAN","","2010","13244"
"AGOENYIVE = KLEVE","","2010","15526"
"AGOENYIVE = KOVE APELEBUIME","","2010","989"
"AGOENYIVE = KPATEFI","","2010","1515"
"AGOENYIVE = LOGOPE","","2010","3540"
"AGOENYIVE = LOGOPE ATSANVE","","2010","2725"
"AGOENYIVE = LOGOPE KPATEFI","","2010","10661"
"AGOENYIVE = NYAVIME AVEYIME","","2010","5249"
"AGOENYIVE = NYIVEME + APELEBUIME","","2010","7354"
"AGOENYIVE = SOGBOSSITO","","2010","6041"
"AGOENYIVE = SOGBOSSITO AZIALE KOPE","","2010","1407"
"AGOENYIVE = TELESSOU","","2010","8117"
"AGOENYIVE = TELESSOU ADOKPO KOPE","","2010","6874"
"AGOENYIVE = TOGOME","","2010","12556"
"AGOENYIVE = TOTSI KLEVEGBLE","","2010","6462"
"AGOENYIVE = TOTSI KPATEFI","","2010","5544"
"AGOENYIVE = TOTSI NYIVEME","","2010","14798"
"VAKPOSSITO = AWOUDJA KOPE","","2010","9072"
"VAKPOSSITO = ELAVANYO ATSANVE","","2010","834"
"VAKPOSSITO = ELAVANYO KLEVE","","2010","1923"
"VAKPOSSITO = HOSSOUKOPE","","2010","1365"
"VAKPOSSITO = ATSANVE","","2010","13821"
"LACS","","2010","172148"
"ANEHO","","2010","24891"
"AGBODRAFO","","2010","54448"
"GLIDJI","","2010","15444"
"AGOUEGAN","","2010","10187"
"ANFOIN","","2010","13703"
"FIATA + GANAVE","","2010","19733"
"AKLAKOU","","2010","33742"
"BAS-MONO","","2010","88846"
"AFAGNAGAN","","2010","22681"
"AFAGNA","","2010","12411"
"KPETSOU","","2010","11572"
"AGOME-GLOZOU + AGBETIKO","","2010","11361"
"HOMPOU","","2010","4114"
"ATTITOGON","","2010","26707"
"VO","","2010","210075"
"VOGAN","","2010","55977"
"VO-KOUTIME","","2010","27824"
"DZREKPO/AMEGNRAN","","2010","27941"
"MOME-HOUNKPATI","","2010","12722"
"DAGBATI","","2010","19163"
"AKOUMAPE","","2010","19286"
"HAHOTOE","","2010","14110"
"SEVAGAN","","2010","9964"
"TOGOVILLE","","2010","16648"
"ANYRON KOPE","","2010","6440"
"YOTO","","2010","165596"
"TABLIGBO","","2010","26001"
"KINI-KONDJI","","2010","5463"
"TOKPLI","","2010","12840"
"AMOUSSIME","","2010","11200"
"GBOTO","","2010","14694"
"ESSE-GODJIN","","2010","7638"
"TOMETY KONDJI","","2010","9638"
"SEDOME","","2010","10226"
"ZAFI","","2010","12030"
"KOUVE","","2010","20469"
"AHEPE","","2010","19426"
"TCHEKPO","","2010","15971"
"ZIO","","2010","297970"
"TSEVIE","","2010","58676"
"GBATOPE","","2010","27298"
"DALAVE","","2010","12030"
"KPOME","","2010","9330"
"ABOBO","","2010","15655"
"DJAGBLE","","2010","16890"
"DAVIE","","2010","13388"
"ADETI KOPE","","2010","20238"
"MISSION-TOVE","","2010","9040"
"KOVIE","","2010","12497"
"WLI","","2010","4139"
"BOLOU","","2010","10925"
"GBLAINVIE","","2010","7079"
"GAPE-KPODJI","","2010","7731"
"GAPE-CENTRE","","2010","22051"
"AGBELOUVE","","2010","36034"
"GAME","","2010","14969"
"AVE","","2010","93812"
"KEVE","","2010","12771"
"ASSAHOUN + ANDO","","2010","37864"
"TOVEGAN","","2010","12333"
"DZOLO","","2010","8660"
"BADJA","","2010","10387"
"NOEPE","","2010","5700"
"AKEPE","","2010","6097"
"PLATEAUX","","2010","1375165"
"OGOU","","2010","196470"
"DJAMA","","2010","21410"
"WOUDOU","","2010","10924"
"GNAGNA","","2010","60062"
"DATCHA","","2010","12367"
"GLEI","","2010","37928"
"KATORE","","2010","10099"
"OUNTIVOU","","2010","23000"
"AKPARE","","2010","20680"
"ANIE","","2010","124928"
"ANIE","","2010","48046"
"PALLAKOKO","","2010","7080"
"KOLO KOPE","","2010","13528"
"ADOGBENOU","","2010","26433"
"GLITO","","2010","15657"
"ATCHINEDJI","","2010","14184"
"EST-MONO","","2010","121789"
"ELAVAGNON","","2010","22799"
"GBADJAHE","","2010","8647"
"KPESSI","","2010","9615"
"KAMINA","","2010","15902"
"BADIN","","2010","17420"
"MORETAN","","2010","35435"
"NYAMASSILA","","2010","11971"
"AKEBOU","","2010","62245"
"KOUGNOHOU","","2010","12120"
"VHE","","2010","5597"
"DJON","","2010","12741"
"KPALAVE","","2010","4143"
"GBENDE","","2010","5175"
"YALLA","","2010","4041"
"SEREGBENE","","2010","6239"
"KAMINA AKEBOU","","2010","12189"
"WAWA","","2010","100974"
"BADOU","","2010","20433"
"TOMEGBE","","2010","8805"
"KPETE BENA","","2010","11556"
"GBANDI-N'KOUGNA+GOBE+EKETO","","2010","19759"
"DOUME","","2010","4147"
"OUNABE","","2010","3813"
"OKOU","","2010","6058"
"KLABE EFOUKPA","","2010","16124"
"KESSIBO","","2010","10279"
"AMOU","","2010","105091"
"OUMA-AMLAME","","2010","13856"
"AMOU-OBLO","","2010","15973"
"SODO","","2010","3932"
"EKPEGNON","","2010","7013"
"KPATEGAN","","2010","8443"
"AVEDJE","","2010","2812"
"IMLE","","2010","4952"
"ADIVA","","2010","1277"
"EVOU","","2010","4168"
"TEMEDJA","","2010","6719"
"HIHEATRO","","2010","22344"
"OKPAHOUE","","2010","1647"
"OTADI","","2010","5766"
"GAME","","2010","6189"
"DANYI","","2010","38742"
"DANYI-ATIGBA + ELAVANYO","","2010","20892"
"DANYI-KAKPA","","2010","8251"
"YIKPA","","2010","1330"
"AHLON","","2010","4844"
"DANYI KPETO-EVITA","","2010","3425"
"KPELE","","2010","75547"
"KPELE-NOVIVE","","2010","22302"
"KPELE DAWLOTOU","","2010","11756"
"AKATA","","2010","8763"
"KPELE-GOVIE","","2010","3559"
"KPELE-CENTRE/GOUDEVE","","2010","8001"
"KPELE-GBALADJE","","2010","3050"
"KPELE KAME","","2010","6637"
"KPELE-DUTOE","","2010","3849"
"KPELE-NORD","","2010","7630"
"KLOTO","","2010","139043"
"AGOME-KPALIME","","2010","75084"
"AGOME","","2010","1908"
"AGOME-TOMEGBE","","2010","3085"
"KOUMA","","2010","6437"
"KPIME","","2010","6554"
"LAVIE + LAVIE APEDOME","","2010","14131"
"YOKELE","","2010","3728"
"TOVE","","2010","5732"
"TOME","","2010","3902"
"WOME","","2010","4195"
"KPADAPE","","2010","8560"
"GBALAVE","","2010","2180"
"HANYIGBA","","2010","3547"
"AGOU","","2010","84890"
"AGOU-TAVIE","","2010","10075"
"AGOU KEBO","","2010","3550"
"AGOU NYOGBO DZIDJOLE + AGBETIKO","","2010","7071"
"AGOU AKPLOLO","","2010","2695"
"AGOU YIBOE + KATI","","2010","9358"
"GADJA","","2010","21614"
"AMOUSSOUKOPE","","2010","8565"
"AGOTIME SUD/ ADZAKPA","","2010","6983"
"AGOTIME NORD","","2010","9928"
"ASSAHOUN FIAGBE","","2010","3076"
"AGOU-ATIGBE","","2010","1975"
"HAHO","","2010","248160"
"NOTSE","","2010","62886"
"KPEDOME","","2010","50278"
"KPEGNON (HAITO)","","2010","7402"
"WAHALA","","2010","30212"
"ASRAMA","","2010","40622"
"DJEMEGNI","","2010","19775"
"DALIA","","2010","14164"
"ATSAVE","","2010","22821"
"MOYEN-MONO","","2010","77286"
"TOHOUN","","2010","16477"
"TADO","","2010","16031"
"SALIGBE","","2010","10609"
"AHASSOME","","2010","7880"
"KPEKPLEME","","2010","19424"
"KATOME","","2010","6865"
"CENTRALE","","2010","617871"
"TCHAOUDJO","","2010","190114"
"KPANGALAM","","2010","29083"
"KOMAH","","2010","79188"
"TCHALO","","2010","6302"
"KADAMBARA","","2010","17352"
"LAMA-TESSI","","2010","20768"
"KPARATAO","","2010","9606"
"WASSARABO","","2010","2465"
"KPASSOUADE","","2010","2473"
"AGOULOU","","2010","8891"
"KEMENI","","2010","2256"
"ALHERIDE + AMAIDE","","2010","8775"
"KOLINA","","2010","2955"
"TCHAMBA","","2010","131674"
"TCHAMBA","","2010","30878"
"LARINI","","2010","7139"
"AFFEM","","2010","6007"
"KRIKRI","","2010","4949"
"ALIBI I","","2010","7620"
"KOUSSOUNTOU","","2010","16489"
"BALANKA","","2010","8172"
"KABOLI","","2010","21604"
"GOUBI","","2010","7182"
"BAGO","","2010","21634"
"SOTOUBOUA","","2010","121014"
"SOTOUBOUA","","2010","29521"
"TCHEBEBE","","2010","14700"
"BODJONDE","","2010","2092"
"KAZABOUA","","2010","8186"
"TABINDE","","2010","7206"
"SESSARO","","2010","9234"
"TITTIGBE","","2010","7009"
"KANIAMBOUA","","2010","2429"
"ADJENGRE","","2010","24027"
"AOUDA","","2010","14483"
"FAZAO","","2010","2127"
"BLITTA","","2010","137658"
"BLITTA-GARE","","2010","13077"
"BLITTA VILLAGE","","2010","5589"
"YALOUMBE","","2010","4391"
"WARIGNI","","2010","4569"
"TCHALOUDE","","2010","5416"
"AGBANDI","","2010","10631"
"LANGABOU","","2010","13907"
"KOFFITI","","2010","8456"
"TCHARE-BAOU","","2010","7051"
"PAGALA-GARE","","2010","19551"
"WELLY","","2010","8973"
"TINTCHRO","","2010","3970"
"ATCHINTSE","","2010","5973"
"DIGUENGUE","","2010","1783"
"YEGUE","","2010","3160"
"DIKPELEOU","","2010","2059"
"KATCHENKE","","2010","3088"
"M'POTI","","2010","5460"
"TCHIFAMA","","2010","4621"
"PAGALA-VILLAGE","","2010","3494"
"DOUFOULI","","2010","2439"
"Sous Prefecture de MO","","2010","37411"
"DJARKPANGA","","2010","12948"
"KAGNIGBARA","","2010","3983"
"BOULOHOU","","2010","4298"
"TINDJASSE","","2010","10927"
"SAÏBOUDE","","2010","5255"
"KARA","","2010","769940"
"KOZAH","","2010","225259"
"LAMA","","2010","105882"
"LANDA-POZENDA/KPINZINDE","","2010","9365"
"AWANDJELO","","2010","9803"
"ATCHANGBADE","","2010","16294"
"DJAMDE","","2010","4077"
"SARA-KAWA","","2010","4576"
"PYA","","2010","11772"
"TCHITCHAO","","2010","7741"
"YADE","","2010","5094"
"BOHOU","","2010","5810"
"TCHARE","","2010","3028"
"KOUMEA","","2010","8508"
"LANDA","","2010","8764"
"SOUMDINA","","2010","10084"
"LASSA","","2010","14461"
"BINAH","","2010","70054"
"PAGOUDA","","2010","15656"
"BOUFALE","","2010","5618"
"SOLLA","","2010","8033"
"PITIKITA","","2010","1538"
"PESSARE","","2010","6133"
"LAMA-DESSI","","2010","4171"
"KETAO","","2010","18396"
"KEMERIDA","","2010","4981"
"SIRKA","","2010","5528"
"DOUFELGOU","","2010","78635"
"NIAMTOUGOU","","2010","7045"
"KOKA","","2010","3885"
"AGBANDE-YAKA","","2010","7055"
"LEON","","2010","3172"
"ALLOUM","","2010","9003"
"KADJALLA","","2010","7956"
"TCHORE","","2010","3840"
"BAGA","","2010","6463"
"TENEGA","","2010","3994"
"DEFALE","","2010","6838"
"KPAHA","","2010","3499"
"SIOU","","2010","9809"
"POUDA","","2010","3132"
"MASSEDENA","","2010","2944"
"KERAN","","2010","94061"
"KANDE","","2010","22497"
"KOUTOUGOU","","2010","3237"
"WARENGO","","2010","5375"
"NADOBA","","2010","13778"
"AKPONTE","","2010","5722"
"PESSIDE","","2010","7164"
"OSSACRE","","2010","13283"
"HELOTA","","2010","10366"
"ATALOTE","","2010","12639"
"DANKPEN","","2010","130723"
"GUERIN KOUKA","","2010","32696"
"NAWARE","","2010","12804"
"NANDOUTA","","2010","9593"
"BAPURE","","2010","17842"
"KOUTCHICHEOU","","2010","2859"
"NAMON","","2010","6314"
"NATCHIBORE","","2010","9138"
"NATCHITIKPI","","2010","5764"
"NAOMPOCH","","2010","6947"
"KOULFIEKOU","","2010","6919"
"KATCHAMBA","","2010","6598"
"KIDJABOUN","","2010","13249"
"BASSAR","","2010","119717"
"BASSAR","","2010","37422"
"KALANGA","","2010","5528"
"BAGHAN","","2010","8506"
"DIMORI","","2010","9706"
"BITCHABE","","2010","5754"
"BANDJELI","","2010","13574"
"KABOU","","2010","20383"
"MANGA","","2010","5022"
"SANDA KAGBANDA","","2010","8457"
"SANDA AFOHOU","","2010","5365"
"ASSOLI","","2010","51491"
"BAFILO","","2010","20469"
"BOULADE","","2010","4478"
"SOUDOU","","2010","12420"
"KOUMONDE","","2010","2896"
"ALEDJO","","2010","5336"
"DAKO (DAOUDE)","","2010","5892"
"SAVANES","","2010","828224"
"TONE","","2010","286029"
"DAPAONG","","2010","94535"
"NANERGOU","","2010","10477"
"NAMARE","","2010","9105"
"NAKI-OUEST","","2010","18730"
"TAMI","","2010","15309"
"LOTOGOU + WARKAMBOU","","2010","17107"
"NIOUKPOURMA","","2010","14174"
"PANA","","2010","11094"
"BIDJENGA","","2010","7537"
"TOAGA","","2010","9134"
"KORBONGOU","","2010","20159"
"LOUANGA","","2010","10972"
"KANTINDI","","2010","19726"
"SANFATOUTE","","2010","6872"
"KOURIENTRE","","2010","9670"
"POISSONGUI","","2010","5313"
"NATIGOU","","2010","6115"
"CINKASSE","","2010","78592"
"CINKASSE","","2010","30623"
"BOADE","","2010","5120"
"GNOAGA","","2010","1032"
"GOULOUNGOUSSI","","2010","3305"
"BIANKOURI","","2010","6884"
"TIMBOU","","2010","17249"
"NADJOUNDI","","2010","7499"
"SAM-NABA","","2010","6880"
"KPENDJAL","","2010","155091"
"MANDOURI","","2010","15647"
"TAMBIGOU","","2010","5803"
"KOUNDJOARE","","2010","12675"
"POGNO","","2010","10527"
"PAPRI/KPENDJAGA","","2010","8566"
"NAMOUNDJOGA","","2010","25502"
"TAMBONGA","","2010","6933"
"NAKI-EST","","2010","28988"
"NAYEGA","","2010","4412"
"OGARO","","2010","8585"
"BORGOU","","2010","27453"
"OTI","","2010","190543"
"MANGO","","2010","29800"
"SADORI","","2010","5065"
"SAGBIEBOU","","2010","13067"
"GANDO","","2010","26247"
"MOGOU","","2010","19747"
"TCHAMONGA","","2010","7975"
"TCHANAGA","","2010","5095"
"NAGBENI","","2010","19836"
"BARKOISSI","","2010","13834"
"LOKO","","2010","6631"
"GALANGASHIE","","2010","9796"
"FARE","","2010","3212"
"KOUMONGOU","","2010","5345"
"NALI","","2010","7226"
"TAKPAMBA","","2010","8734"
"KOUNTOIRE","","2010","8933"
"TANDJOARE","","2010","117969"
"BOGOU","","2010","10875"
"NANDOGA","","2010","5463"
"LOKO","","2010","4317"
"BOULOGOU","","2010","6249"
"PLIGOU","","2010","6272"
"BOMBOUAKA","","2010","8263"
"GOUNDOGA","","2010","5321"
"SISSIAK","","2010","7868"
"NANO","","2010","11791"
"TAMPIALIME","","2010","12658"
"MAMPROUG","","2010","5454"
"BAGOU","","2010","1940"
"DOUKPERGOU","","2010","7320"
"SANGOU","","2010","1540"
"LOKPANO","","2010","5036"
"TAMONGUE","","2010","17602"
